[{"method":"货到付款","code":4,"description":"配送人员将客户订购的商品按照订单中所填写的地址配送到指定地点后，客户签收商品并支付订单金额。"},{"method":"支付宝(即时到账)","code":1,"required":[{"name":"company","type":"text","text":"支付宝名称"},{"name":"partner","type":"text","text":"商户号"},{"name":"key","type":"text","text":"商户密钥"},{"name":"seller_email","type":"text","text":"商户名"}],"description":"支付宝是领先的第三方支付平台，成立于2004年12月，致力于为用户提供“简单、安全、快速”的支付解决方案。"},{"method":"银联支付","code":2,"required":[{"name":"merId","type":"text","text":"商户号"},{"name":"merAbbr","type":"text","text":"商户名"},{"name":"security_key","type":"text","text":"商户密钥"},{"name":"cert","type":"file","text":"商户私钥证书"},{"name":"fee","type":"text","text":"手续费"},{"name":"bank_name","type":"text","text":"银行支行名称"},{"name":"bank_address","type":"text","text":"银行支行地址"}],"description":"银联在线支付是由中国银联联合各商业银行共同打造的银行卡网上交易转接清算平台。"},{"method":"微信支付","code":3,"description":"微信支付是由腾讯公司及第三方支付平台财付通联合推出的移动支付创新产品，旨在为广大微信用户及商户提供更优质的支付服务。"},{"method":"余额支付","code":5,"description":"使用会员余额支付产品"}]